,Time (UTCG),Min semimajor axis (km)
lum2,20 Dec 2021 10:33:30.000,6923.919233
lum3,9 Dec 2021 18:25:00.000,6922.861831
